--
-- PostgreSQL database dump
--

-- Dumped from database version 9.3.5
-- Dumped by pg_dump version 9.3.1
-- Started on 2015-01-08 18:01:16

SET statement_timeout = 0;
SET lock_timeout = 0;
SET client_encoding = 'UTF8';
SET standard_conforming_strings = on;
SET check_function_bodies = false;
SET client_min_messages = warning;

SET search_path = public, pg_catalog;

--
-- TOC entry 2271 (class 0 OID 76098)
-- Dependencies: 172
-- Data for Name: addr_street_prefix; Type: TABLE DATA; Schema: public; Owner: admin
--

COPY addr_street_prefix (id, active, name, search_key, value, nprefix) FROM stdin;
12	t	Ulica	ul	0	Ul.
13	t	Plac	pl	0	Pl.
48	t	Aleja	al	1	Al.
\.


--
-- TOC entry 2272 (class 0 OID 76106)
-- Dependencies: 173
-- Data for Name: address; Type: TABLE DATA; Schema: public; Owner: admin
--

COPY address (id, active, name, search_key, city, local, post_city, street, zip_code, addrstreetprefix_id, country_id, customer_id) FROM stdin;
138	t	\N	Opole Rzeczna	Opole	3	Opole	Rzeczna	45-288	12	13	\N
143	t	\N	Opole Wrocławska	Opole	1	Opole	Wrocławska	45-854	12	13	\N
144	t	\N	Wrocław Nowa	Wrocław	89	Wrocław	Nowa	50-370	12	13	\N
149	t	\N	Wrocław Szeroka	Wrocław	44/4	Wrocław	Szeroka	50-111	12	13	\N
154	t	\N	Poznań Gminna	Poznań	67	Poznań	Gminna	60-001	12	13	\N
159	t	\N	Wrocław Lipowa	Wrocław	33/6	Wrocław	Lipowa	50-987	12	13	\N
164	t	\N	Stuttgart Strecke Strasse	Stuttgart	1	Stuttgart	Strecke Strasse	70-173	12	14	\N
169	t	\N	Aberdeen Forties Road	Aberdeen	35	Aberdeen	Forties Road	AB21	12	13	\N
46	t	\N	Wrocław Transportowa	Wrocław	48a	Wrocław	Transportowa	50-001	12	13	\N
57	t	\N	Wrocław Developerska	Wrocław	32	Wrocław	Developerska	50-018	12	13	\N
58	t	\N	Wrocław Inna	Wrocław	66	Wrocław	Inna	50-963	12	13	\N
65	t	\N	Wrocław Magazynowa	Wrocław	78	Wrocław	Magazynowa	50-075	12	13	\N
70	t	\N	Wrocław Magazynowa	Wrocław	45	Wrocław	Magazynowa	50-465	12	13	\N
71	t	\N	Wrocław Odległa	Wrocław	645	Wrocław	Odległa	50-795	12	13	\N
76	t	\N	Wrocław Magazynowa	Wrocław	789	Wrocław	Magazynowa	50-789	12	13	\N
82	t	\N	Wrocław Zaporowska	Wrocław	2/5	Wrocław	Zaporowska	51-745	12	13	\N
88	t	\N	Wrocław Developerska	Wrocław	23	Wrocław	Developerska	50-000	12	13	\N
93	t	\N	Wrocław Tadeusza Kościuszki	Wrocław	67	Wrocław	Tadeusza Kościuszki	51-345	13	13	\N
99	t	\N	Wrocław Szybka	Wrocław	45	Wrocław	Szybka	51-365	12	13	\N
104	t	\N	Wrocław Muzealna	Wrocław	123	Wrocław	Muzealna	51-745	12	13	\N
110	t	\N	Wrocław Oleśnicka	Wrocław	12/7	Wrocław	Oleśnicka	52-224	12	13	\N
115	t	\N	Wrocław Mieszka I	Wrocław	56/45c	Wrocław	Mieszka I	65-456	12	13	\N
120	t	\N	Wrocław Kościelny	Wrocław	78/96	Wrocław	Kościelny	50-000	13	13	\N
125	t	\N	Wrocław Kanonia	Wrocław	78/55	Wrocław	Kanonia	80-112	12	13	\N
135	t	\N		Wrocław	48H	Wrocław	Czarnobylska	50-631	12	13	\N
\.


--
-- TOC entry 2273 (class 0 OID 76114)
-- Dependencies: 174
-- Data for Name: article; Type: TABLE DATA; Schema: public; Owner: admin
--

COPY article (articletype, code, current_price, mixed_price, name, generic_ware_id, taxitem_id) FROM stdin;
\.


--
-- TOC entry 2274 (class 0 OID 76122)
-- Dependencies: 175
-- Data for Name: bundle; Type: TABLE DATA; Schema: public; Owner: admin
--

COPY bundle (consecutivenumber, generic_ware_id) FROM stdin;
\.


--
-- TOC entry 2275 (class 0 OID 76127)
-- Dependencies: 176
-- Data for Name: company_data; Type: TABLE DATA; Schema: public; Owner: admin
--

COPY company_data (id, active, name, search_key, nip, regon, address_id) FROM stdin;
47	t	Transporter Sp. z o. o.	firma	123-456-32-18	123456785	46
\.


--
-- TOC entry 2276 (class 0 OID 76135)
-- Dependencies: 177
-- Data for Name: country; Type: TABLE DATA; Schema: public; Owner: admin
--

COPY country (id, active, name, search_key, iso_code, code, code_eu, native_name, currency_id) FROM stdin;
50	t	Chińska Republika Ludowa	chiny	CHN	CN	CN	中國	177
49	t	Austria	austria	AUT	AU	AU	Österreich	176
15	t	Wielka Brytania	brytania	GBR	GB	GB	United Kingdom	175
13	t	Polska	polska	POL	PL	PL	Polska	174
14	t	Niemcy	niemcy	DEU	DE	DE	Deutchland	176
\.


--
-- TOC entry 2277 (class 0 OID 76143)
-- Dependencies: 178
-- Data for Name: currency; Type: TABLE DATA; Schema: public; Owner: admin
--

COPY currency (id, active, name, search_key, code) FROM stdin;
174	t	Złoty	złotówki	PLN
175	t	Funt angielski	funty	GBP
176	t	Euro	Euro	EUR
177	t	Yuan	Renminbi	CNY
178	t	Korona szwedzka	korona	SEK
\.


--
-- TOC entry 2278 (class 0 OID 76151)
-- Dependencies: 179
-- Data for Name: customer; Type: TABLE DATA; Schema: public; Owner: admin
--

COPY customer (id, active, name, search_key, email, nip, surname, baseaddress_id, contacaddress_id, company, companyname, regon) FROM stdin;
139	t	Adam	Adamski Adam	klient1@wp.pl	1234567890	Adamski	138	\N	t	Adamczuk S.A.	123456789
145	t	Beata	Beatowska Beata	klient2@wp.pl		Beatowska	143	144	f		
150	t	Czesław	Czesławski Czesław	klient3@wp.pl		Czesławski	149	\N	f		
155	t	Hubert	Huberski Hubert	klient4@wp.pl	3215460979	Huberski	154	\N	t	Szybkie Przewozy S.A.	987456324
160	t	Edward	Edwardzki Edward	klient5@wp.pl		Edwardzki	159	\N	f		
165	t	Udo	Hurt Udo	klient6@wp.pl	12345678901	Hurt	164	\N	t	Reifen Gmbh.	251480
170	t	Bob	Keane Bob	klient7@wp.pl	AA907854Q	Keane	169	\N	t	Transport U.K.	3689273
\.


--
-- TOC entry 2279 (class 0 OID 76159)
-- Dependencies: 180
-- Data for Name: employee; Type: TABLE DATA; Schema: public; Owner: admin
--

COPY employee (id, active, name, search_key, email, nip, surname, baseaddress_id, contacaddress_id, employeetype_id) FROM stdin;
72	t	Maciej	Magazynowicz Maciej	\N	\N	Magazynowicz	70	71	56
66	t	Mariusz	Magazynowicz Mariusz	\N	\N	Magazynowicz	65	\N	56
59	t	Adam	Admin Adam	\N	\N	Admin	57	58	51
83	t	Łukasz	Wielkopolski Łukasz	\N	\N	Wielkopolski	82	\N	52
89	t	Witold	Developer Witold	\N	\N	Developer	88	\N	51
94	t	Janusz	Nowakowski anusz	\N	\N	Nowakowski	93	\N	54
100	t	Adam	Kierowca Adam	\N	\N	Kierowca	99	\N	52
105	t	Krzysztof	Kapusta Krzysztof	\N	\N	Kapusta	104	\N	52
111	t	Wojciech	Wróblewski Wojciech	\N	\N	Wróblewski	110	\N	52
116	t	Wacław	Cholewski Wacław	\N	\N	Cholewski	115	\N	54
121	t	Jerzy	Ksisielewicz Jerzy	\N	\N	Ksisielewicz	120	\N	55
126	t	Kazimierz	Stonoga Kazimierz	\N	\N	Stonoga	125	\N	53
77	t	Mirosław	Jankowski Mirosław	\N	\N	Jankowski	76	\N	56
\.


--
-- TOC entry 2280 (class 0 OID 76167)
-- Dependencies: 181
-- Data for Name: enum_emplyee_type; Type: TABLE DATA; Schema: public; Owner: admin
--

COPY enum_emplyee_type (id, active, name, search_key, value, code) FROM stdin;
51	t	Informatyk	informatyk	0	IT
52	t	Kierowca	kierowca	1	Driver
53	t	Księgowa/y	księgow	2	Account
54	t	Logistyk	logistyk	3	Logistic
55	t	Sprzedawca	sprzedawca	4	Seller
56	t	Magazynier	magazynier	5	Warehouseman
\.


--
-- TOC entry 2281 (class 0 OID 76175)
-- Dependencies: 182
-- Data for Name: enum_opaque_type; Type: TABLE DATA; Schema: public; Owner: admin
--

COPY enum_opaque_type (id, active, name, search_key) FROM stdin;
\.


--
-- TOC entry 2282 (class 0 OID 76183)
-- Dependencies: 183
-- Data for Name: generic_document; Type: TABLE DATA; Schema: public; Owner: admin
--

COPY generic_document (id, active, name, search_key, create_date, filled, filling_date, modify_date, currency_id, customer_id, deliveryaddress_id, nextdocument_id, previousdocument_id) FROM stdin;
\.


--
-- TOC entry 2283 (class 0 OID 76191)
-- Dependencies: 184
-- Data for Name: generic_document_row; Type: TABLE DATA; Schema: public; Owner: admin
--

COPY generic_document_row (id, active, name, search_key, filled, quantity, unit_id, ware_id) FROM stdin;
\.


--
-- TOC entry 2284 (class 0 OID 76199)
-- Dependencies: 185
-- Data for Name: generic_ware; Type: TABLE DATA; Schema: public; Owner: admin
--

COPY generic_ware (id, active, name, search_key, depth, height, weight, width) FROM stdin;
\.


--
-- TOC entry 2285 (class 0 OID 76207)
-- Dependencies: 186
-- Data for Name: goods_issued_note; Type: TABLE DATA; Schema: public; Owner: admin
--

COPY goods_issued_note (generic_document_id) FROM stdin;
\.


--
-- TOC entry 2286 (class 0 OID 76212)
-- Dependencies: 187
-- Data for Name: goods_issued_note_row; Type: TABLE DATA; Schema: public; Owner: admin
--

COPY goods_issued_note_row (price, generic_document_row_id, goodsissuednote_generic_document_id) FROM stdin;
\.


--
-- TOC entry 2287 (class 0 OID 76217)
-- Dependencies: 188
-- Data for Name: goods_received_note; Type: TABLE DATA; Schema: public; Owner: admin
--

COPY goods_received_note (no_taxable_amount, tax_amount, generic_document_id) FROM stdin;
\.


--
-- TOC entry 2288 (class 0 OID 76222)
-- Dependencies: 189
-- Data for Name: goods_received_note_row; Type: TABLE DATA; Schema: public; Owner: admin
--

COPY goods_received_note_row (price, generic_document_row_id, goodsreceivednote_generic_document_id) FROM stdin;
\.


--
-- TOC entry 2319 (class 0 OID 0)
-- Dependencies: 170
-- Name: hibernate_sequence; Type: SEQUENCE SET; Schema: public; Owner: admin
--

SELECT pg_catalog.setval('hibernate_sequence', 189, true);


--
-- TOC entry 2289 (class 0 OID 76227)
-- Dependencies: 190
-- Data for Name: inventory_balance; Type: TABLE DATA; Schema: public; Owner: admin
--

COPY inventory_balance (id, active, name, search_key, quantity, shelf_id, ware_id) FROM stdin;
\.


--
-- TOC entry 2270 (class 0 OID 76090)
-- Dependencies: 171
-- Data for Name: itinerary; Type: TABLE DATA; Schema: public; Owner: admin
--

COPY itinerary (id, active, name, search_key, goodsissuednote_generic_document_id, task_id) FROM stdin;
\.


--
-- TOC entry 2290 (class 0 OID 76235)
-- Dependencies: 191
-- Data for Name: packaging; Type: TABLE DATA; Schema: public; Owner: admin
--

COPY packaging (generic_ware_id, opaquetype_id) FROM stdin;
\.


--
-- TOC entry 2291 (class 0 OID 76240)
-- Dependencies: 192
-- Data for Name: prices; Type: TABLE DATA; Schema: public; Owner: admin
--

COPY prices (id, active, name, search_key, date, price, article_generic_ware_id) FROM stdin;
\.


--
-- TOC entry 2292 (class 0 OID 76248)
-- Dependencies: 193
-- Data for Name: purchase_invoice; Type: TABLE DATA; Schema: public; Owner: admin
--

COPY purchase_invoice (no_taxable_amount, tax_amount, generic_document_id) FROM stdin;
\.


--
-- TOC entry 2293 (class 0 OID 76253)
-- Dependencies: 194
-- Data for Name: purchase_invoice_row; Type: TABLE DATA; Schema: public; Owner: admin
--

COPY purchase_invoice_row (price, tax_percent, generic_document_row_id, purchaseinvoice_generic_document_id, taxitem_id) FROM stdin;
\.


--
-- TOC entry 2294 (class 0 OID 76258)
-- Dependencies: 195
-- Data for Name: purchase_order; Type: TABLE DATA; Schema: public; Owner: admin
--

COPY purchase_order (no_taxable_amount, tax_amount, generic_document_id) FROM stdin;
\.


--
-- TOC entry 2295 (class 0 OID 76263)
-- Dependencies: 196
-- Data for Name: purchase_order_row; Type: TABLE DATA; Schema: public; Owner: admin
--

COPY purchase_order_row (price, tax_percent, generic_document_row_id, purchaseorder_generic_document_id, taxitem_id) FROM stdin;
\.


--
-- TOC entry 2296 (class 0 OID 76268)
-- Dependencies: 197
-- Data for Name: request; Type: TABLE DATA; Schema: public; Owner: admin
--

COPY request (description, no_taxable_amount, tax_amount, generic_document_id, targetaddress_id) FROM stdin;
\.


--
-- TOC entry 2297 (class 0 OID 76273)
-- Dependencies: 198
-- Data for Name: request_row; Type: TABLE DATA; Schema: public; Owner: admin
--

COPY request_row (price, tax_percent, generic_document_row_id, request_generic_document_id, taxitem_id) FROM stdin;
\.


--
-- TOC entry 2298 (class 0 OID 76278)
-- Dependencies: 199
-- Data for Name: role; Type: TABLE DATA; Schema: public; Owner: admin
--

COPY role (id, active, name, search_key, description) FROM stdin;
1	t	USER	USER	Podstawowy użytkowynik systemu
2	t	CUSTOMER	CUSTOMER	Klient
4	t	MAG	MAG	Magazynier
6	t	SALES	SALES	Sprzedawca
7	t	LOGISTIC	LOGISTIC	Logistyk
8	t	ACCOUNT	ACCOUNT	Księgowość
9	t	ADMIN	ADMIN	Administrator
10	t	DRIVER	DRIVER	Kierowca
11	t	DEV	DEV	Developer
\.


--
-- TOC entry 2299 (class 0 OID 76286)
-- Dependencies: 200
-- Data for Name: sales_invoice; Type: TABLE DATA; Schema: public; Owner: admin
--

COPY sales_invoice (no_taxable_amount, tax_amount, generic_document_id) FROM stdin;
\.


--
-- TOC entry 2300 (class 0 OID 76291)
-- Dependencies: 201
-- Data for Name: sales_invoice_row; Type: TABLE DATA; Schema: public; Owner: admin
--

COPY sales_invoice_row (price, tax_percent, generic_document_row_id, salesinvoice_generic_document_id, taxitem_id) FROM stdin;
\.


--
-- TOC entry 2301 (class 0 OID 76296)
-- Dependencies: 202
-- Data for Name: sales_order; Type: TABLE DATA; Schema: public; Owner: admin
--

COPY sales_order (no_taxable_amount, tax_amount, generic_document_id) FROM stdin;
\.


--
-- TOC entry 2302 (class 0 OID 76301)
-- Dependencies: 203
-- Data for Name: sales_order_row; Type: TABLE DATA; Schema: public; Owner: admin
--

COPY sales_order_row (price, tax_percent, generic_document_row_id, salesorder_generic_document_id, taxitem_id) FROM stdin;
\.


--
-- TOC entry 2303 (class 0 OID 76306)
-- Dependencies: 204
-- Data for Name: shelf; Type: TABLE DATA; Schema: public; Owner: admin
--

COPY shelf (id, active, name, search_key, code, coordinate_x, coordinate_y, coordinate_z, depth, empty, filled, height, max_weight, width, warehouse_id) FROM stdin;
\.


--
-- TOC entry 2304 (class 0 OID 76314)
-- Dependencies: 205
-- Data for Name: task; Type: TABLE DATA; Schema: public; Owner: admin
--

COPY task (id, active, name, search_key, date, duration, employee_id, vehicle_id) FROM stdin;
\.


--
-- TOC entry 2305 (class 0 OID 76322)
-- Dependencies: 206
-- Data for Name: tax_item; Type: TABLE DATA; Schema: public; Owner: admin
--

COPY tax_item (id, active, name, search_key, tax_free, tax_percent) FROM stdin;
185	t	VAT 23%	podatek VAT	f	23.00
186	t	VAT 8%	obniżony VAT	f	8.00
187	t	Ryczałt	ryczałt	f	7.00
188	t	Akcyza	akcyza	f	3.00
189	t	Bez cła	wolnocłowy	t	0.00
\.


--
-- TOC entry 2306 (class 0 OID 76330)
-- Dependencies: 207
-- Data for Name: unit; Type: TABLE DATA; Schema: public; Owner: admin
--

COPY unit (id, active, name, search_key, iso_code, code, sign) FROM stdin;
179	t	Metr	Długość	m	m	m
181	t	Stopa angielska	Długość	ft	foot	ft
180	t	Cal	Długość	in	in	in
183	t	Funt	Masa	lb	Lb	lb
182	t	Kilogram	Masa	kg	kg	kg
184	t	Metr^3	Objętość	m^3	m^3	m^3
\.


--
-- TOC entry 2307 (class 0 OID 76338)
-- Dependencies: 208
-- Data for Name: useracc; Type: TABLE DATA; Schema: public; Owner: admin
--

COPY useracc (id, active, name, search_key, email, password, rows_per_page, salt, username, customer_id, employee_id) FROM stdin;
67	t	Magazynier	Magazynier	mag@transporter.com	c4303e28dc19295f1d7c12c5b4ea28e7bd415c5b035825c01c34c97b274acb98	20	fdda1658a1a14f103b0f0567d4036ec04d6167617a796e696572	Magazynier	\N	66
73	t	mag2	mag2	mag2@transporter.com	2a8ecc5be6662d0b02c063751a761a00f58f44cffaf2b5135cb9b4942c5a9f01	20	d14aafafaa06a67b75f58e48c84224bd6d616732	mag2	\N	72
78	t	mag3	mag3	mag3@transporter.com	f56f4c825eb1ad428834d472b9a5312c5c726f8a96e4c9610ff7cf914c7a1b92	20	56edd57d3d4c2f634065b84c1eebd9446d616733	mag3	\N	77
84	t	magdrive	magdrive	magdrive@transporter.com	c72bb8a04580f40bddfda1c9a8fe7302cc8c70b6f586e59f4fe52da6702a6b21	20	2bdf7f56ab5826bec5067bd193d277d66d61676472697665	magdrive	\N	83
90	t	dev	dev	dev@transporter.com	fbd443ef1657b8d70e115037f745db00beb12e01d04829127dbcb31d159a504b	20	88b435b599e0903dd0ca019f92bfcef3646576	dev	\N	89
95	t	maglog	maglog	maglog@transporter.com	5194a5e34d380de44acf6c935e49016a08e7d82af5bf9d976617044af53c7972	20	621e65148062ca47fcad52b3c76e7a966d61676c6f67	maglog	\N	94
101	t	driver	driver	driver@developer	efe02346d31e2efbe81108ea8d0d4e1460184ae59ec46705d96c72005ddd9e82	20	9f781051c41622e6a4d0bd78324b148b647269766572	driver	\N	100
106	t	driver2	driver2	driver2@transporter.com	3acae1db986b54df1bbf7504d36deb0558f6a3d74c6d5f543bb8f25fd8c19684	20	8ccdf9af543182157b502b6af0d9ebc564726976657232	driver2	\N	105
112	t	driver3	driver3	driver3@transporter.com	d9ddc474ac44edbd264b93bda7ccdc07151a727a467d43993900ec3ce98c7a2c	20	585b5ee3a84aaf5f6aedfc94f65e561464726976657233	driver3	\N	111
122	t	seller	seller	seller@transporter.com	134793eaf6391abc0c3d608df22b831d40ec1a69229906eee3c866f409d84e9a	20	e14e8c445ad25c8305d29767c03fd42773656c6c6572	seller	\N	121
117	t	logistic	logistic	logistic@transporter.com	d391b90b6d167639145ad7c1e67340886078e77ae6912ef5b6dd3719df2a5672	20	6118e18a377518c81c502fa52c553ce26c6f676973746963	logistic	\N	116
127	t	account	account	account@transporter.com	dfd8635a309e8cc0663ef6f30c9c6808bd732e88bb232148614e09630256b276	20	e054dffc1c13ee4af4f8ea04665b54cf6163636f756e74	account	\N	126
60	t	admin	admin	admin@transporter.com	39e8b00e839cce292f8622da5f48b7245b0eb4169229a804cf82e56fd18bb246	20	c24edfc25f32b452b46a5ed7035d264c61646d696e	admin	\N	59
140	t	klient1	klient1 Adamski Adam	klient1@wp.pl	02a51bcc873fdd12cb291cc4ff59417271839566c3c9dbfd534bbcbae8c56c04	20	96cb4cedc6d78a4666351950dd1d06af6b6c69656e7431	klient1	139	\N
146	t	klient2	klient2 Beatowska Beata	klient2@wp.pl	e3b878d01c823f4592c3f5013c102c60a378dcab596e59aed8042ffdca403c55	20	96cb4cedc6d78a4666351950dd1d06af6b6c69656e7432	klient2	145	\N
151	t	klient3	klient3 Czesławski Czesław	klient3@wp.pl	e49d59480fb57d8815c9bfe578c19afffdc32089cc18b909313bf4f731877e82	20	fb4bca859d078b3526b94034575759476b6c69656e7433	klient3	150	\N
156	t	klient4	klient4 Huberski Hubert	klient4@wp.pl	b52962cc1358625426fc0fa17f6b9b209c3eb8447930bbfe131108392c554273	20	c6afc759ce3ce567bd26289fb41675a46b6c69656e7434	klient4	155	\N
161	t	klient5	klient5 Edwardzki Edward	klient5@wp.pl	9f3de9dad00aa3786800ac95fc54917625ad9826752f45f83dcc7c1cc7c3f049	20	96cb4cedc6d78a4666351950dd1d06af6b6c69656e7435	klient5	160	\N
166	t	klient6	klient6 Hurt Udo	klient6@wp.pl	35cb2a192533f0f0ca7aab6904fac74ae4abba2011a9e8a3d9760147f78f933d	20	f6131a318576406300cf79554510d2d76b6c69656e7436	klient6	165	\N
171	t	klient7	klient7 Keane Bob	klient7@wp.pl	29fa0866bad0dd33bd345a31d3588c889156ef8d5f1324bdf4ecf4cd432f7584	20	65cfe5e9c42287e1068ec42ed2a263656b6c69656e7437	klient7	170	\N
\.


--
-- TOC entry 2308 (class 0 OID 76346)
-- Dependencies: 209
-- Data for Name: useracc_role; Type: TABLE DATA; Schema: public; Owner: admin
--

COPY useracc_role (id, active, name, search_key, role_id, useracc_id) FROM stdin;
141	t	\N	CUSTOMER klient1	2	140
142	t	\N	USER klient1	1	140
147	t	\N	CUSTOMER klient2	2	146
148	t	\N	USER klient2	1	146
152	t	\N	CUSTOMER klient3	2	151
153	t	\N	USER klient3	1	151
157	t	\N	CUSTOMER klient4	2	156
158	t	\N	USER klient4	1	156
162	t	\N	CUSTOMER klient5	2	161
163	t	\N	USER klient5	1	161
167	t	\N	CUSTOMER klient6	2	166
168	t	\N	USER klient6	1	166
172	t	\N	CUSTOMER klient7	2	171
173	t	\N	USER klient7	1	171
63	t	\N	ADMIN admin	9	60
64	t	\N	USER admin	1	60
68	t	\N	MAG Magazynier	4	67
69	t	\N	USER Magazynier	1	67
74	t	\N	MAG mag2	4	73
75	t	\N	USER mag2	1	73
79	t	\N	LOGISTIC mag3	7	78
80	t	\N	MAG mag3	4	78
81	t	\N	USER mag3	1	78
85	t	\N	DRIVER magdrive	10	84
86	t	\N	MAG magdrive	4	84
87	t	\N	USER magdrive	1	84
91	t	\N	DEV dev	11	90
92	t	\N	USER dev	1	90
96	t	\N	LOGISTIC maglog	7	95
97	t	\N	MAG maglog	4	95
98	t	\N	USER maglog	1	95
102	t	\N	DRIVER driver	10	101
103	t	\N	USER driver	1	101
107	t	\N	DRIVER driver2	10	106
108	t	\N	LOGISTIC driver2	7	106
109	t	\N	USER driver2	1	106
113	t	\N	DRIVER driver3	10	112
114	t	\N	USER driver3	1	112
118	t	\N	LOGISTIC logistic	7	117
119	t	\N	USER logistic	1	117
123	t	\N	SALES seller	6	122
124	t	\N	USER seller	1	122
128	t	\N	USER account	1	127
129	t	\N	ACCOUNT account	8	127
\.


--
-- TOC entry 2309 (class 0 OID 76354)
-- Dependencies: 210
-- Data for Name: vehicle; Type: TABLE DATA; Schema: public; Owner: admin
--

COPY vehicle (id, active, name, search_key, plate) FROM stdin;
\.


--
-- TOC entry 2310 (class 0 OID 76362)
-- Dependencies: 211
-- Data for Name: warehouse; Type: TABLE DATA; Schema: public; Owner: admin
--

COPY warehouse (id, active, name, search_key, address_id) FROM stdin;
134	t	Magazyna A	MAGA	135
136	t	Magazyna H	MAGH	135
137	t	Magazyna C	MAGC	135
\.


-- Completed on 2015-01-08 18:01:16

--
-- PostgreSQL database dump complete
--

